,x,y,z
0,0.1,0.0,0.0
1,-8.108130754263879,-9.397718709854294,25.596863302404028
2,-7.770574437869279,-6.947701233429627,27.227856064585048
3,-9.626557508754269,-9.956551341697622,28.009895417789433
4,-7.298392005281444,-7.855506256368579,24.74959357318219
5,-8.900155718680404,-7.4136510113444505,29.311692785186125
6,-8.767816334784262,-10.36064589501896,25.128603158401233
7,-6.899824455162131,-6.038072151575882,26.314064375989286
8,-10.437711981186478,-10.523205848263434,29.36200712947471
9,-6.548617897621646,-7.557989989983065,23.05948736150065
10,-9.133478125729834,-6.502634755913511,30.822379463693252
11,-8.09371153659535,-10.695205165649005,22.490742867052
12,-6.352755395509338,-4.015079789400669,27.645332561519492
13,-10.214534150568893,-13.574894877270683,24.574840716921557
14,-4.430301736208701,-2.90469325595047,24.805228590470463
15,-10.026465112312465,-14.894478713351774,21.673259286715282
16,-4.793060589991013,0.19891661010027054,29.35904273916623
17,1.7010511606783558,2.9839258484542004,17.871597677261462
18,0.31419029081042804,0.5860358671409073,8.676198119969257
19,-10.421506279359859,-13.084429578577469,26.074265598134875
20,-4.810343125094618,-4.11496305829439,23.874598595760105
21,-12.195371989638698,-14.205854111481562,29.479515772004653
22,-3.2396818271193046,-2.589615426532135,22.20897985724252
23,-8.337709295657634,-13.793002471197306,16.864604795298877
24,-14.85061834022156,-22.16082764659438,26.93099799701954
25,3.1057954666317142,2.4400415836733966,22.105677324636304
26,7.382347889398429,12.512745500039223,15.309615217889593
27,-4.903699137544276,-9.70463631748281,7.013968728046317
28,6.107087573390064,3.2550176758745324,28.034968239661183
29,8.90644446668045,13.050203642479818,20.976330819789855
30,5.120376131232332,1.2184267065193866,28.419889548409166
31,2.3256687468706403,3.781761060310451,13.779692080795622
32,-11.2959951611832,-18.250624185230436,20.283272651196476
33,6.603964794329138,-1.3704617537971737,33.38050990003686
34,0.9987785031636705,2.084429900741743,18.448157424718268
35,-3.9157813307560985,-7.0382230207193865,11.376155081338188
36,13.680429630339855,8.786551565062299,38.34831263044917
37,15.605443017695618,6.717757941837757,43.83253198145284
38,-5.14073355356507,-7.083811844066474,19.05131942491436
39,-11.216638060501271,-6.282681498526304,35.339056765642304
40,-1.8988191185735293,-2.230735294049978,17.916528783150905
41,2.09743243464242,3.8931290194536636,9.504429237140968
42,-12.200020956190532,-8.235782875805032,35.687151546997455
43,-1.6766491608117378,-1.5806733768342174,18.999472357558798
44,3.100432854361917,5.5936833450062124,11.000546769032457
45,-13.617496035275437,-9.659790966923746,37.493917701624014
46,-1.3626317342215513,2.9084523453022735,26.756099173941124
47,1.339550599487168,2.2231527674389504,12.737218084596492
48,-12.759980042482429,-16.941978434842444,27.546195310440325
49,-3.5449822822111443,1.5981469801827914,28.7483494830357
50,-2.1401115589003834,-3.754876373176602,19.57670571488515
51,-9.098359204635498,-15.287366571886189,16.898507760044467
52,15.44747173856162,10.063275507696194,41.12162184030389
53,-1.661940328342473,-1.4624955564332565,19.30319463707202
54,3.102040063295842,5.56808566248522,11.231066224830267
55,-14.033721052276958,-10.838459350936022,37.40016070575769
56,-3.302092044919011,3.603041115911469,30.391806605766167
57,3.25966750238904,5.3033596869088955,14.245090811261782
58,-3.7966158120666043,-7.323570175760095,7.9908952558222275
59,7.676466621475526,2.887098799399647,31.497629788679514
60,4.186450399287251,6.487453040084653,15.975353264600827
61,14.764877766053253,18.531810987198497,31.404770325433788
62,-3.7151032639771215,2.5415701965295474,29.97758843185124
63,-0.23511202519718574,-0.5654808821328027,14.884468629170218
64,7.421291946374476,11.109439506985437,19.53315707218072
65,6.679953776406557,1.7872698003857255,30.707822568218788
66,2.52140733575213,3.930910791812182,14.830971679363723
67,-5.593920423989945,-10.437886264935317,10.317516281174024
68,7.067073919597192,1.3353027728578704,31.831479621067224
69,0.4703556188399492,0.45095614405693796,15.824467764033948
70,-7.065700799007117,-10.773859180348344,18.78410229620962
71,-7.48006894084684,-1.7290441399493077,32.20757126652921
72,-0.9448702501761611,-1.206584283467756,15.7491061331401
73,8.568091568578009,13.722169610197138,18.215936945157907
74,10.61032932284778,1.810644523548167,37.69145319160809
75,0.47177952857822997,2.1419522360327288,21.398437377556558
76,-1.3296709293082323,-2.3904231022049998,11.1226817066823
77,13.33304564360565,14.456250249129361,32.20968233357521
78,1.9180663533846105,0.3195809617715125,22.88246456353778
79,-2.998559435922457,-5.027114960976328,14.328778606855728
80,4.711053677860959,8.987417792227909,8.866209104670636
81,-7.020745833932264,-2.107963163770447,31.02326842676355
82,-3.017133955900894,-4.708213385469351,15.111540166362511
83,-1.076996510272803,-2.089880787621058,7.121016874741271
84,11.379062069033685,9.18188471398242,33.03795959744643
85,4.831810301876681,6.348495067444994,19.573013269887678
86,11.977789990307633,8.03901214214194,35.38521884100113
87,2.0766873338692533,2.3008605527659562,18.613036846376954
88,0.19757576753035164,0.3612825400420247,9.123374712810225
89,-9.117791446706777,-12.085252131100924,23.748747187679225
90,-5.4747174882813585,-3.8987148161744667,25.836438905623154
91,-11.241135431520755,-14.23728062670469,26.734061447327615
92,-3.829735531464128,-2.7872795273073323,23.491071553500316
93,-9.765654734296435,-15.078837123313306,20.308240270867216
94,-7.279886769072992,0.5429204535675588,33.79764181470882
95,-0.9863054096301936,-3.5082164050335174,23.314239812240398
96,-7.080196564693558,-11.9541243527036,15.248386937705066
97,-5.199543692395416,-10.243226994443019,7.381735800622314
98,5.941108464786073,3.0982428849235326,27.876504522286446
99,8.731321656292868,12.96527736996664,20.470552747559314
100,5.386314104516972,0.9638991211684195,29.188806971221766
101,1.156201812234577,1.7608662694682862,14.16741272535674
102,-10.856096029305279,-16.38986704579852,22.063835355542484
103,-7.594055829854193,0.966566868919273,34.63824504011929
104,-0.7313992303979833,-1.7302159977188747,18.526555930728687
105,5.0320660539614686,8.771438274775935,13.067418075073615
106,-15.143690956527266,-20.300632528535175,30.359130835585066
107,2.0781175130830123,0.16684321051943002,23.56835831378849
108,-2.8873004046608552,-4.793282465692314,14.86973963567589
109,1.2145831354670018,2.359440437567984,7.118545338607352
110,-11.196939875406889,-8.520418522858376,33.27911249077976
111,-4.833703156862473,-6.483993669970337,19.249108607555538
112,-12.021615077995339,-7.8620061713980665,35.63236004005007
113,-1.7550591003467455,-1.772793474838129,18.75385957671565
114,2.6469714148030734,4.826274513185975,10.430630639059386
115,-12.96723717948331,-8.818472560054051,36.81119282596041
116,-0.5809987991036593,0.958970261925222,21.7906224318817
117,-3.9817486743278083,-6.196141448078597,17.771532233788776
118,-14.216074719837748,-13.019421861622908,35.842793107838034
119,-2.1147653943880895,2.7093383686364576,27.71032310972499
120,0.25606299433636814,0.3275421122228038,13.469574875518973
121,-7.412885763675353,-10.732095263175543,20.477874083198596
122,-6.526322274285205,-2.597321847165962,29.597917677175566
123,-5.85321607123536,-9.220009323774626,16.62472764081808
124,-12.43115602202369,-5.857539619876131,38.101439958151836
125,-6.906902509198007,3.8692323803648745,35.70484576304027
126,5.739761357192744,8.768044388006883,17.346357913302864
127,11.123416030434996,4.565529671129985,36.565269079768385
128,-0.16390448159206894,-1.7029005020283143,21.24530035125872
129,3.200294920304913,5.5356104926339675,12.891278746223243
130,-13.785384661558894,-19.879066224502427,26.640256381385672
131,3.230850243306844,-1.584904672273827,28.22037883909386
132,2.248850173011164,3.8734366017805972,19.42996797596226
133,9.757385063326629,16.096756990011475,18.11681242834043
134,-16.319912349396873,-13.340039058167747,40.47486497186271
135,2.265443259491067,2.3009916834045137,19.47893266750748
136,2.296972929191901,4.2266666399147965,9.78200232780104
137,-12.349527230332507,-8.1696023101475,36.05937960478926
138,-1.2329065329227669,-0.7787511734227249,19.489601876970113
139,4.880293821105206,8.242676134348137,14.272774775278574
140,6.053311322879989,11.63326257526816,9.074887959819186
141,-5.552722652343635,-2.193350482222107,28.147393685100642
142,-6.003661787110697,-9.657382028564284,16.127059699232785
143,-13.833941254245836,-8.160201941499563,39.164893180924125
144,1.847706181448765,-3.5106209227166563,28.224240338860287
145,-3.433368250967841,-5.7279813692928325,13.631698051941225
146,8.702310929863275,15.733069431568149,13.604339872991044
147,-4.564590680941927,-0.6384984765005056,28.040310647517813
148,-0.35717113304473924,-0.4653399899355274,13.909731638580372
149,7.976993135742058,11.746135567491207,20.345092678860695
150,5.928250724210213,1.8283450144892557,29.27321258213992
151,3.9184459161967475,6.334886714839827,14.757025169880086
152,7.5487667521276265,14.001726949516334,11.648704155393718
153,-4.999337335995872,-1.139832511761,28.281894633305413
154,-2.086667374590355,-3.387429459726732,13.689710651012843
155,11.896217851275077,18.416513427687434,22.336368458315476
156,-11.38662374953339,-1.332120805618407,39.398801995941874
157,1.5285582627913736,1.8404749477111697,17.2010619049563
158,-5.601801884816012,-9.944593509527692,12.553659578441549
159,14.055732088472917,8.207184373937064,39.590458217759014
160,-0.5199364360379608,2.303546232334635,24.33314343977502
161,-0.618094652933061,-1.11820036951829,12.330556906154461
162,11.00518409018921,15.095731570701751,24.78835529499226
163,3.552143120929058,1.0590309194679208,25.50611477011068
164,1.6742105798999183,2.833700782370422,12.436002883094945
165,-13.522471830270522,-16.973531543611237,29.754828927368212
166,-4.095514431980218,2.3389927332929177,30.356724252811098
167,-0.6573309848000635,-1.2773862928601722,15.603907247278194
168,8.638111640906086,13.676860526600878,18.646184960273015
169,8.739020972765513,0.51051069018479,35.40170096874429
170,-0.05832527078669709,3.961836708635726,26.093660937283452
171,7.149814002466377,11.69158849046807,16.387854445609722
172,14.35381730117212,8.346405270563716,40.10452880263628
173,-0.4438592713146907,1.140394614122895,21.79941407158925
174,-4.001348665236657,-6.40455316552623,16.326480902511264
175,-14.817152274244508,-17.702140907522573,32.51658015933575
176,6.063745476641488,-2.8197315104978578,33.70207148573666
177,-1.9954973717472546,-3.0122792635855777,15.074635050066531
178,7.911362451516973,13.9619373144992,14.107670536185553
179,-8.262448211472487,-0.29560977126909016,34.76251828925148
180,2.061262464309343,-4.8552488231413395,29.91510420141854
181,-7.75682729814709,-11.963208108349972,18.610850101293785
182,-7.300892140849316,-0.8912739559325523,32.634581425452254
183,0.7919771503265043,1.7517418982626298,18.15236433504564
184,-5.394511128206923,-9.39034348865903,13.274142414778304
185,15.14173902505931,20.61172570440372,29.96009759386802
186,-2.1867194296070367,-0.537971078227742,23.17562452200843
187,2.1580259533561015,3.71714672392633,13.170698860000856
188,-13.097365450772326,-18.79342616713648,25.956863243691345
189,14.276970928123388,5.416898564069889,42.04839948941151
190,-2.86806203606218,-3.7707497128294225,17.830129629254458
191,-8.851574957765328,-15.295180790221439,15.626918810473676
192,8.315261377829664,-0.04892847687985852,35.11659820656992
193,0.9222729777852946,2.992963948477747,22.250842724393863
194,4.12069783863493,7.312645618571814,11.827309440691552
195,-14.651548075023143,-11.363544467963049,38.32860073356837
196,4.533334111738842,-3.738644109362427,32.23416821527206
197,-3.8822230087334955,-6.202738730064392,15.046623450539412
198,-9.72210270257308,-17.155896481362916,15.442672891159031
199,4.1536719564887195,0.36128233868009063,27.59985601862766
200,-0.5486073843669919,-1.0383307259076509,14.319732465793725
201,9.389557836308008,14.115258382876505,20.842100665345587
202,5.164547310209093,0.15754905729442625,29.63406746247759
203,-1.0879760571362498,-1.9856463830522562,16.390815145159575
204,7.447800255995578,12.741920957209945,15.061252989389759
205,-14.967519823643489,-21.86397622808366,27.74068848212766
206,2.880296948317701,2.0535525197000255,22.202780281199374
207,5.018610946287487,8.81553534154282,12.614146121878935
208,-15.618039495492976,-14.71980692077846,37.616388831277675
209,1.1373427633632,-1.262685005744082,23.86589194919849
210,3.30065318643391,5.232727471251703,17.499315233612208
211,13.781083987353977,18.46102611766851,28.5899157863679
212,-17.279206390365186,-17.820068120837963,38.89439577711244
213,3.851346618793435,4.633391532859087,19.829605189981567
214,13.642888236015185,15.274665916449864,32.09309942095521
215,1.8949680151869244,-0.9467059441475251,24.978201759821797
216,0.09881936205798367,5.773305921718907,28.206286875223455
217,10.745988556448852,14.134934138645527,25.381836296887425
218,4.016824587609138,2.5664150678348254,24.32474208520327
219,8.89814673855099,14.031531331210592,18.895345208519736
220,8.73826708792573,0.3772616069503557,35.501652976945536
221,0.6157818489096556,3.3639702180075317,23.864020308386355
222,5.7585753541379185,9.882679408898008,13.86075622531361
223,-9.861415186074707,-17.86928656506008,14.381973233880228
224,4.020531419588545,1.9202746308990835,25.30313798022986
225,5.946697675320037,9.953502728354094,14.84038863673838
226,13.071248736134365,21.114306127129794,22.132281844160595
227,-3.03298015593722,-1.3535316845061507,23.87543990034038
228,-2.2609562360060003,-3.9418175843488106,11.789986961881866
229,14.341390295059595,15.198229770745227,33.988409699768766
230,4.158573737243383,-3.044606861654008,31.101812761102895
231,-1.4588200824475892,-2.2416057470585,14.331328288986215
232,10.84849478360053,16.90707894704418,21.069146656667453
233,16.809150893927537,19.245223859529695,36.2807573244506
234,-3.1120795060945756,-3.281373447960333,20.28739634341135
235,-10.409148288595013,-16.501617221061647,20.073787860391626
236,-14.782614147053128,-22.737392756124486,25.85677049433123
237,3.6141385940794675,3.319615422667854,21.90248031039783
238,11.4612916080223,16.60194316612082,23.839184036037544
239,5.021783533393061,-1.3751831533710954,30.88867333239785
240,1.6935081286530753,3.6060405051717486,21.43021555005879
241,8.59607647541065,14.310473628175524,16.840099802245394
242,-0.7854362466488793,-1.594617150109249,4.64798885773037
243,10.501171777400513,8.845456833004265,31.411577239537117
244,6.646950925693667,8.549784971138564,21.56763012127428
245,8.169145483893042,4.71021405776359,30.65880334224258
246,7.869140995352062,11.192319042505767,20.74748372833684
247,6.098905298661016,2.471914463558085,28.904249872962453
248,6.220852192826221,9.845208261629239,16.74221086689962
249,11.762202925526305,4.606466982037972,37.755635598635536
250,7.106050018195156,-3.9240303714089166,36.031500633890474
251,-6.037236902585527,-9.152181492167749,17.74850790875974
252,-9.991665559026497,-3.424819491311133,35.341034323473046
253,-0.053150224787297924,0.699626439877673,18.8013727488716
254,-5.225068012703229,-8.057057511741172,17.799919270423363
255,-11.457004918753528,-5.543362387238812,36.431281961589235
256,-0.2907258000644101,0.6672767290680537,19.9063861591934
257,-4.500378488430907,-6.827512193303824,18.72845897203158
258,-12.38344837071441,-8.086955531121461,36.19727971391366
259,-1.0783057132960474,-0.49266854148806744,19.69363746935205
260,4.999360747279483,8.19104379673081,15.481371919121726
261,15.492869833588344,16.891698000354616,35.19675944066733
262,-1.682340441248,1.6833262345853373,25.648979762346308
263,-2.5509329815846575,-4.179099275496143,16.256198218602638
264,-3.774717661704428,-7.1561946381914545,8.83458157768334
265,8.568032949061285,2.9437745439450875,33.10898169380109
266,2.1127414289312796,3.024037974530287,16.006200687718
267,-4.097650413210821,-7.650450418149048,9.69819280321753
268,9.243350009353314,2.919631236740404,34.37457139679635
269,0.5314528484578874,0.29330015041681573,17.37529324237229
270,-5.943643997042468,-9.107200417634157,18.158252035404345
271,-9.578896297763539,-3.320003181522099,34.659844899857816
272,-0.6606646427167497,-0.4636443805782494,17.486413670817047
273,6.297583226417503,9.902357695775112,17.424261077057714
274,10.078804550707321,3.0148141306445875,35.828827880151245
275,-0.4896603261931584,-2.1265792109137256,21.290290842336418
276,1.4396847549266498,2.5863109148116745,11.128694826296258
277,-13.467765363525134,-14.272395820441716,32.75405442117402
278,-1.7662708399304985,-0.04845737519104429,22.999662656912886
279,3.407772753813276,5.528303295043198,15.859946441071582
280,10.977830907822533,18.3688981095918,18.685934937948478
281,-4.238346800348045,0.7203328046937832,28.96086529962991
282,1.8639822588765544,4.1154673540834095,22.45907109973772
283,10.898573563866286,16.300884851457827,22.349157299717696
284,6.445760559281043,-1.204194719241857,32.9944389817315
285,1.3059940819602005,2.7540299559094645,19.877064342498453
286,1.7687077137791438,3.245226069127685,9.778767199116379
287,-12.76464799478744,-10.100485476436404,35.24084680689772
288,-1.8099883748452992,-1.5132727168744904,19.794104423835076
289,2.043992671510824,3.7020056257192455,10.675759414645345
290,-13.531662719536778,-11.539831860433532,35.640665511634616
291,-1.0777121445655062,0.5118452805846626,22.256877620423836
292,1.1282119143488467,5.903351553618138,27.121242064080786
293,11.373063162775411,13.852404368117956,27.646374586871232
294,4.0140821700419185,3.428384713653108,22.874767238917965
295,11.76592381255701,16.120959429541028,25.6075860509798
296,3.2657861581052203,-0.2641562137692423,26.70694749401239
297,-2.271826646514962,-3.7542060063037623,16.87170017878093
298,-3.1851130238917174,-6.017757018938153,8.823874853755946
299,9.613738084194141,3.976419036926966,34.17508684661494
300,2.0060608050833255,2.7024894151590213,16.695913083474846
301,-3.1682200114423513,-5.917087810545764,9.413338497275273
302,10.52384622476685,4.675620115683575,35.327844543359014
303,1.0516032949160161,0.9679637431400685,17.84276049829092
304,-6.313473320986195,-10.541566300014539,15.325820151740242
305,-15.794552846919512,-19.41992631750907,33.3016783182111
306,1.9362944064465983,0.584235509893221,22.41453007164709
307,-2.6468964583743704,-4.544639664382993,13.221537919487474
308,12.808199298853474,19.404001712657813,24.01419349908921
309,-4.926222422237163,1.8831271638439577,31.2044555320909
310,-1.2638605894221984,-2.333055073084631,17.492524962212862
311,4.380010650141498,7.944910078712229,11.122622289220654
312,-12.067729841101487,-5.398452365736006,37.742463690869506
313,-1.8395660517607106,3.9291886555170366,28.67270630579856
314,5.032810362753104,8.292716459708835,14.81805393891572
315,13.585842009972612,20.874146344995843,24.4498062969207
316,-2.668422853413908,-0.35803233325053807,24.623119001324213
317,1.714025519585934,2.945135873158547,13.689647160804446
318,-12.046111607464637,-18.08017587752702,23.464353047966068
319,3.7982927061953675,7.708162944326532,5.212132363775302
320,-6.78415927329064,-4.25851159444038,28.28257540010975
321,-9.902401227543942,-13.171333431827476,24.219978978488932
322,-4.708106405528451,-3.1620179930824848,25.08480655428466
323,-10.597199535514266,-15.050938834952035,23.43759953888157
324,-3.8737569888146792,-0.5326519338183859,26.85936010717426
325,0.10961868887779523,0.2864592061889794,13.562788169637022
326,-6.626107157314455,-9.47431940601787,20.538701291923214
327,-7.576351790371414,-3.4671195915986135,30.73742154390012
328,-6.298426079032884,-9.593126844361551,17.822873195203773
329,-9.466834415216098,-2.8403222997187485,34.847652921757216
330,0.021605717553489005,0.7248716561720528,18.443565558483044
331,-5.501607568968884,-8.541376351003892,17.59126742461166
332,-11.11457927627019,-4.788135543280394,36.37166598426548
333,-0.025896163163313078,1.1243157607221155,20.240632360916557
334,-4.719320044481882,-7.685631619987728,15.641432025160661
335,-15.348164237102251,-16.947993904703,34.761018844941326
336,2.1365297696789067,-2.18090261202089,27.10966356209559
337,1.4007066466207971,2.415708933674388,14.769599962304984
338,-10.032561379336284,-16.266081796655595,18.991197172251592
339,10.357063511125975,19.038455407472487,14.116511757792797
340,-4.400933581507991,-3.318835787627833,24.094184280342493
341,-11.275091205687655,-15.564893951641027,24.872815678289648
342,-3.421808526888973,-0.40448501611167237,26.136908595551574
343,0.7815384836612302,1.4025658473878309,13.668795455424094
344,-10.741000390631756,-15.663043308434162,22.946080070255494
345,-4.318163383492344,0.49856681226475946,28.859839836306545
346,2.055735719055935,3.6533599186466903,19.61075139584087
347,8.425506409040779,14.404396715036675,15.724875385568348
348,-14.12152379444888,-6.807883344397611,40.76675144131962
349,0.9012781708613903,0.3084982417331543,19.481391365611923
350,-5.105244485223713,-8.124192830551884,16.604121888108715
351,-13.619123894138653,-8.796283581430428,38.20944610526507
352,-8.238334507493352,3.026831935827265,37.11355928400188
353,5.118716834649174,7.766854923079836,17.076644180939418
354,12.897112133381484,7.642534325233392,37.6353510236003
355,0.6203325035222907,-2.6375681368782233,25.08056570548445
356,-0.7342776191195969,-1.22395651224584,12.129320414276195
357,11.462721237345638,15.368210235749363,25.81935416482105
358,3.2691026901958895,0.9618857202784242,25.033801663119295
359,0.9863870551078903,1.6536833079948652,12.251772240924756
360,-12.258616317802169,-16.00719394465508,27.328811367069736
361,-2.8059886333899944,-0.06663885291305519,25.353584667203794
362,2.131869886006564,3.5754966324508666,14.973250533186382
363,-6.895739292810298,-12.5294930441281,12.214638174210197
364,7.062449738851285,0.5077454792832677,32.559710807224654
365,-1.1888309257497676,-2.554356786979944,19.640568986438044
366,-0.13059498906840877,-0.23085087720562616,9.622698938522333
367,7.933174562665277,10.727117861107795,22.49112370271661
368,6.379571910548635,3.9913702435365246,27.73160071472473
369,10.132372839194366,13.548596101355056,24.354067973029895
370,4.449544566147711,2.8242890325519956,24.970416453354563
371,9.732831130332857,14.637863131560795,21.046628450650243
372,5.231358103998626,-0.24165369478572768,30.14885337847715
373,-1.7140039099397824,-3.145966787576977,19.136137972804292
374,-3.9767022808892256,-7.297937217879189,10.394174673817773
375,10.966557122469021,4.363457319933104,36.42707931519219
376,-0.17920155486172384,-1.6246299080069333,20.96393384250192
377,3.549280324061882,6.104342726876983,13.188646181792478
378,-12.142145038480194,-19.72058047097973,20.944180439563894
379,3.2738253509903137,-0.26684682987056824,26.72591354015919
380,-2.2703962973299014,-3.752221133051286,16.891769725145206
381,-3.2485661307938054,-6.1342204105635,8.867869265830128
382,9.560369226672965,3.8787275339039944,34.15735942211181
383,1.9240564327049898,2.5763882812801686,16.679567442612914
384,-3.907038371195393,-7.234112272139959,10.02855042571915
385,10.27938838165205,3.773451292750786,35.59899549569411
386,0.08506814056878577,-0.7098484891324635,19.02943627923015
387,5.107360643380637,7.874530513982443,17.79989527085799
388,11.73284790595573,6.010162376349019,36.59854576631134
389,0.30895051119955885,-0.7466481609872706,20.241491894129922
390,4.4823460631771805,6.866524553162826,18.22987756036699
391,12.826847924342175,8.655600671002235,36.64794069817962
392,0.6723229042882073,-0.5753232147094408,21.135980458620942
393,3.0795916392841396,5.57902501282012,23.24302305409192
394,12.483515377828626,12.698855811226062,31.97586977979012
395,3.2396626744648938,3.282171617616739,20.748330678267113
396,10.81387552711724,16.692199531018826,21.31778408355977
397,13.898352213202719,5.454852960797237,41.27856439996482
398,-1.747783943965671,-1.9314715952810537,18.168016688211818
399,3.102187018394745,5.671669206406293,10.395314803823378
400,-12.43208810644321,-7.182703652739463,37.056547004151206
401,-0.28069571151416,1.3353048783729673,21.763549455126643
402,-3.8434361270706208,-6.331404973672984,15.065857021589132
403,-9.984412972563739,-17.501530242347965,15.941724419082059
404,4.045376482696145,0.3112104500533554,27.45759226500522
405,-0.7200195291804,-1.318403906207282,14.405898114367604
406,9.91001381833786,15.002245264388062,21.09289920530101
407,5.550942395733026,-0.5477071750847591,30.975099036543774
408,-1.001416193665979,-4.231795281549711,24.72240417403261
409,-9.693539980035052,-14.849466577852002,20.478371305840152
410,-6.342751883601301,0.5577282801394314,32.282132230579954
411,9.513203023810766,18.654641504199375,10.128108004690702
412,-5.961790612842252,-5.719342554841237,24.391995787031625
413,-11.037355731518803,-10.009131936651418,31.39072577267435
414,-5.875552195007577,-7.3784661640476825,21.209440209775604
415,-9.582081210968047,-5.708350083590265,32.54905649749689
416,-5.908946544529542,-8.507529224128275,18.822955222956384
417,-9.387697549797856,-3.769869136583347,33.92108534982047
418,-2.134089121568831,-2.945659654874805,16.52268068042098
419,2.3934774557351117,4.513907315839296,8.776757348928216
420,-10.89376270186352,-5.9666130113994935,34.96591376456698
421,-2.321011267632663,-2.980320158330285,17.569819251995103
422,-1.9432554001735352,-3.656596722400437,8.725667768446774
423,11.510541443214155,7.422658106695395,34.956127094215866
424,2.678234660651189,3.382336101174305,18.120396863524114
425,6.933829584236535,12.416582618798333,12.85611529640403
426,-8.812351682098855,-0.9671035656329485,35.17648094564416
427,-14.579893164099568,-3.3683642149129582,43.95858672798552
428,6.2768139799880815,8.689850147127576,19.9168140499002
429,8.444413609592072,3.7454105122182115,32.145780485372185
430,4.74220622769675,7.195129397857126,16.822408114964954
431,14.079938686693874,10.764064793316908,37.56477201463198
432,4.976228264371443,-3.7518253688092824,32.86592146871242
433,-4.098248055570699,-6.50593564243119,15.332913063923936
434,-12.915259698330729,-20.072979877024324,23.304393092325444
435,3.092767442382636,-0.7050896140058642,26.94310567590355
436,-2.399834687502157,-4.3609369316039155,21.249496621563864
437,-12.252862806173066,-17.024951908605743,25.82013933423197
438,-4.440890077722113,1.6654622447845238,30.245587505112884
439,-1.792860549794515,-3.242955671831462,19.094510890560482
440,-4.696443734690437,-8.571867499661932,10.908259624321312
441,10.631646767070222,3.4896622947952336,36.48018297473962
442,-0.29163063457535565,-2.7161023498870045,23.299487577558427
443,-1.90544105295662,-3.3558187941576407,11.332981708788903
444,13.927472216756009,14.020302819796846,34.16722236438459
445,1.5211141168576343,-1.3399019814185633,24.81966161658903
446,3.037291802029843,4.8426155597263305,18.04660291367995
447,13.144641255146478,18.51058231647991,26.521313181515076
448,-12.508572710359916,-21.92237143134883,18.27850454850379
449,4.4633366434970325,4.122973133643327,22.91050625743061
450,12.552228985088856,14.531007239875152,30.050445880280737
451,2.778469892167165,1.808578284714765,22.387236834241733
452,3.6234219972995487,6.421755674970977,11.68559678611584
453,-14.659692646357831,-12.184024594541413,37.63898758970552
454,14.667027798053464,4.829479571840957,43.20206459517445
455,-4.741706503414454,-6.629103148173502,18.472144614349713
456,-12.552851820910494,-8.3180667392135,36.3560850964701
457,-0.9169143211568073,-0.11347318097638041,20.154053972729933
458,4.6571556240460765,7.26388215513479,17.356833762410435
459,13.347402142005908,9.080872164762544,37.39746378675488
460,0.7510217916391103,-2.3459764881509466,24.869521315687003
461,0.5509453099385924,1.0041287190815131,12.572444279015604
462,-10.54011004940494,-14.751757207684982,23.82011968149803
463,-3.847610604370661,-1.112649126345688,26.05302358507996
464,-2.0997940833055098,-3.54288766699772,12.717062822649726
465,13.749758274551967,18.02003750408631,29.080781767022014
466,16.98790133159683,21.135063469517846,34.79078646860282
467,-4.030469675879868,-4.62917618705257,20.517026054852742
468,-13.40922065202833,-14.359841436214701,32.499181151006795
469,-1.8362781530627146,-0.17860803689473942,22.935399825861086
470,3.2505039614537825,5.3597381232889765,15.087954692318165
471,4.487431585115654,8.586957729896762,8.62159526224697
472,-7.153225342863587,-2.2870128466336452,31.095296861874854
473,-3.37016256677694,-5.266627483398159,15.288829545850783
474,-6.415484757042813,-11.99042187460369,10.637103794463075
475,5.901235573476324,1.1592692985248116,29.920367178251993
476,1.3807755325289146,2.094778132243833,14.4626183005964
477,-10.618922241189505,-16.60502277764299,20.74196501497204
478,-16.3325545611784,-12.830197960125759,40.91957269417142
479,2.4924284605765297,2.733062284243751,19.22805291261193
480,4.9613391170964505,9.00841564602463,11.244884421625379
481,-10.922352000965274,-3.5985493099172574,36.937207124209955
482,-0.7652100906565961,3.743699870597303,26.894958720948214
483,5.36477308495199,8.96813621427875,14.547091318415493
484,10.710557834796932,18.837625026382266,16.42125671051289
485,-3.6828531877349726,-1.4268900557493742,25.264657778629008
486,-3.4236721951261684,-5.8653624755192855,12.804198296677788
487,14.104939334583168,19.907731634986316,27.64072911976191
488,-2.869433617476635,1.4506358029551452,27.459146851781004
489,-2.3968875750576704,-4.183129104554094,20.332607675329548
490,-11.737339715589028,-17.396423550500035,23.49172654826188
491,-11.664199266646005,-1.6804622015262083,39.658690952147744
492,1.562712602373861,1.8719167713037417,17.292625053428264
493,-5.301414705713073,-9.462225946211836,12.189618723969897
494,13.471432526158273,7.129884389850549,39.21285034124996
495,-1.2522677923785337,3.330378353857008,27.11755810357358
496,3.1631203863297257,5.342314940619132,13.144016888916415
497,-12.69517790522667,-19.772329515333354,22.993254281276155
498,3.479794432029555,-1.0868815964404883,28.076638257321704
499,-16.23989755689558,-6.318340416316909,45.381415855399226
500,6.938671418063641,9.194463559438706,21.328771123165577
501,7.572037396787349,4.108778071724051,30.072433091345257
502,8.03144030265543,11.608918732605419,20.518480526242765
503,5.9089824314469785,2.0344250305715277,29.015075425663177
504,4.793446517004748,7.738528637974494,15.282347514719554
505,15.083277251231095,19.268362149460543,31.443537848823258
506,-2.033934204968883,1.1006054618354677,25.48452337196092
507,-2.2953016527658634,-4.849213967868859,23.27891736047052
508,-12.375424402602945,-15.518452443764412,28.308296896180632
509,-2.7035928789546517,-0.7705153917113663,24.044789376404697
510,0.5560277018468672,1.0113078138196534,12.291429815382166
511,-10.721056393606858,-14.799296892225637,24.34121055973573
512,-3.7408371331366417,-1.2878069061868629,25.58760299876697
513,-2.8193920004111495,-4.81026604405532,12.689865560173414
514,14.208156951793997,18.930500411519976,29.274530863573947
515,-5.885825285327556,2.5079292318472883,33.19129954243304
516,0.927553782449132,1.2463885403253723,15.28482963421998
517,-9.09739630716886,-14.335974387597489,19.159647454699932
518,-8.671691849178234,-0.2388331972170676,35.49409750937076
519,-0.806095084895003,-3.062168601684287,22.754627394267345
520,-4.4248256097496865,-7.793173375100884,12.24404379490482
521,15.333888571695123,14.024582800048414,37.56865687682712
522,-1.5132071616175244,2.288087586477949,26.18691842164998
523,-1.0123508321139512,-1.7840741053698186,13.686372789058415
524,11.329972843424681,16.50154894102911,23.57896419022547
525,5.058632456799217,-1.3119626890873182,30.88855153679184
526,1.6146672440644032,3.759319522003528,22.208088359943467
527,9.266628744641228,14.963226124301206,18.44147520010147
528,16.055111175840675,12.484165582651205,40.56627997365844
529,-1.9313594349072851,-1.7641244753987817,19.588290572112616
530,1.0463488290860874,1.9235050157449831,9.988289377147344
531,-12.766824719725317,-13.167929099431863,32.18930663208804
532,-2.7244971900525607,-2.359976157792085,21.064480510719676
533,-5.659465062204124,-9.992048480589625,12.732038347965064
534,14.707028497842833,9.918373243652638,39.63507351025177
535,-0.5844487629857007,1.690448224387644,23.36206712347142
536,-2.756309488128991,-4.641742312172097,14.163553834313513
537,7.600203091744536,13.870532205772767,12.43750976548742
538,-5.518802477144071,-0.48644185946713653,29.919714883815956
539,0.4167191489050439,0.9010488394930023,15.559231737936543
540,-8.020834519028128,-12.426973167494575,18.884655339537336
541,-6.962714597782096,-0.6498972585254827,32.263956604209405
542,0.9588821886461545,2.004483891643831,18.28701476733856
543,-4.4448053928460025,-7.925353369974083,11.89653757501381
544,14.430259692874712,10.225008187150321,38.78802545700463
545,-3.011583484043064,3.6666954777168943,30.044856057415515
546,3.5272981097239797,5.767205956458067,14.248247930954966
547,-1.5806516794825471,-3.096068460047075,6.717369502659083
548,10.322589169079958,6.744593459326309,33.10349530513631
549,5.360111463075909,7.5484076459424045,18.829532081032657
550,10.699756410428412,5.350240596964964,35.10267157165382
551,1.802556476013119,2.184376453879194,17.52797842457639
552,-3.3920247139088073,-6.239274267229356,10.186499845041082
553,11.579586604322898,5.604176376217507,36.62545667360317
554,0.15831116640391543,-1.0283694187001202,20.491246920783876
555,4.60382186677855,7.373100706466201,16.28023898814634
556,14.887444235387736,13.535224960763372,36.95303530096806
557,-10.55156377462955,0.979165068291163,39.475911852446366
558,4.34996495053215,6.4366452019027705,17.09532610343363
559,14.456855447680514,13.116158003778212,36.321642774165994
560,5.9753693082400945,-3.3682311494768475,33.993230770176574
561,-3.565200361911361,-5.579431535894432,15.370773577752415
562,-9.0051615325881,-16.065251321945837,14.412336649278991
563,4.635701746978065,0.24019550280335067,28.61599124142404
564,-0.8336928191075741,-1.53270243422279,15.267272286796244
565,9.253786699703511,14.661763910684607,19.110384501555973
566,10.11519986944843,1.073091365406754,37.34949689178477
567,0.4385515106802768,1.6764115027152586,20.03683194156181
568,-3.899212124192122,-6.777970367313374,12.810310054877418
569,14.400211310425863,20.185948514290533,28.20253767783113
570,-2.3845869310260888,0.81631577810394,25.7629725833602
571,1.4096118748973863,5.161907515710601,25.63314889207912
572,11.496020176074456,14.985277435446433,26.434831090756916
573,3.352447394264643,1.6484711040819864,24.168455893470693
574,4.140537058130264,7.165849322139307,12.762572733116354
575,-14.793609587312549,-19.950153699197543,29.738774282341986
576,2.162515626312991,-0.7549037228962238,25.235363802308207
577,-1.8985768984852966,-5.062659551115114,24.63102704330947
578,-11.94540506183001,-15.104199546072113,27.60991293048994
579,-3.0748481706653705,-1.531166451074332,23.68103459716236
580,-3.1319867035097544,-5.476588748395796,11.996738631513455
581,14.942132635358101,15.525546309081145,35.17413382829285
582,-12.243583597353688,-1.1043695925079706,41.06741163517368
583,4.066826859922311,5.863544590340891,17.39698142743828
584,14.521076663072588,14.903657183356664,34.74075247318219
585,7.2290255504753445,-2.8095161006484943,35.43457574626701
586,-3.2502377251315218,-4.980470857850992,15.643816184782807
587,-7.207093047793547,-13.249047537870757,11.857601548182688
588,5.679296329502673,0.6692221042571417,30.018439931156028
589,-0.0028211612133994075,-0.2219809652176401,15.197482759573129
590,5.211800203007163,7.473641576399517,21.15735209939637
591,9.937819101569332,5.937389278769629,33.05824088602909
592,5.247284435277838,7.541489533597011,18.343129825583734
593,11.241185111646812,5.744964131549747,35.84054244111944
594,1.0124426812284857,0.7467492593937091,18.49929600428318
595,-5.8078783375264225,-9.608852514953272,15.421042233434939
596,-15.783835118748096,-16.007722090626476,36.81544280013416
597,1.2772161625801894,-0.7741669577304696,23.31021474361738
598,1.4048041729879113,5.62902484731928,26.37371203029346
599,11.556591258705485,14.210149978218995,27.690462879843054
600,3.7086393818291663,2.906676467415032,22.956781257275786
601,10.17076472516353,15.55910182770742,20.967842016084766
602,7.031136828343651,-0.7883462206725458,33.59166857442691
603,1.2196037350733748,3.130822811729592,21.667606953679925
604,5.2353941980580885,9.252265593929087,12.482308753906482
605,-14.9113405915964,-10.968302119632115,39.23555810377781
606,0.7896377138146778,-1.9605756369895515,24.31243318478813
607,1.931627813927378,3.3120596639979887,13.577772089761975
608,-12.244673403950742,-18.448287891285652,23.562981510261146
609,15.936989055022458,10.231844028711517,42.05437627798967
610,-2.891396980268787,-3.5522670562289957,18.63724625212459
611,-9.449978354546815,-15.889717172622055,17.157255177421487
612,11.97606743337452,2.7957339261295577,39.46507416421703
613,-0.5300935208970353,-0.0099511804244765,18.653795726273223
614,4.724582178423518,7.0414048888165555,19.50083308964072
615,11.380834486771564,6.801581845200932,35.22614938000502
616,2.2053482975458647,2.6818129459041606,17.993542221434605
617,1.1371291350788608,2.12939190880282,8.795637546507281
618,-12.31878195432773,-10.96062986446643,33.40996067337677
619,-3.3490073997889045,-3.87824221933575,19.72099433179411
620,-12.426285390183867,-17.676385115405296,25.406109398890408
621,-9.618947045427625,0.4874146021737574,37.599242165106894
622,1.350082974222279,1.6914827420707605,16.605038332951896
623,-7.133627831332205,-12.24616891787687,14.733659405333148
624,14.79710446222743,21.828854885667045,27.221943888328457
625,-2.850883820807833,-1.915074114963792,22.38869254268383
626,-4.315754545089686,-7.614319219525996,12.13127854678157
627,15.184330411274631,13.363609316010969,37.810070068271955
628,-1.8208003857334634,2.6999333068116704,27.23282395666082
629,0.31247186020558926,0.4366664184135598,13.228191143612682
630,-8.123379901742172,-11.784260912926234,20.84986343650255
631,-5.753206083781522,-2.1394233384282577,28.599369304009027
632,-5.4760036471686195,-8.823726913978698,15.743347616213374
633,-15.116383047334171,-12.61620168113401,38.308717921750805
634,1.4468945204095232,-2.5243569519688385,26.391380087301933
635,0.18277207056103117,0.39092651732145883,13.110119833103647
636,-7.57629182221006,-10.908947336474421,20.714067845340896
637,-6.343846325087502,-2.638276358351029,29.200666104644256
638,-6.379630889266901,-10.009893323957595,17.09377875845639
639,-10.709897027931769,-3.4176438743392796,36.679764390662385
640,-0.10456946162399756,3.297848600273411,25.16917910234986
641,4.334313213044542,7.44837791130487,13.095903961621024
642,-13.098639221031823,-20.621243573671006,23.07535773928952
643,2.8256320623992273,0.26720181537281934,25.10229076595747
644,-1.7173310510142834,-2.938284237869418,14.049793998299165
645,11.293522180849726,17.70973127776589,21.302309240938975
646,-16.86214121248295,-15.969048810935304,39.52269579610804
647,2.9798170945178253,3.3440462558146233,19.611229930070895
648,9.921125502957763,16.19932361706595,18.62512584112942
649,-15.87054304395596,-21.933433546575717,30.542931035059745
650,3.252358549764913,3.068317147127548,21.267047894307787
651,10.182468359315395,16.03567306802163,20.077997192626547
652,14.560592222740118,7.1521503274669085,41.40931628376048
653,-1.6750990536266328,-1.6958000871108092,18.610948879898423
654,3.3017446780209836,5.975730673337612,10.90293034968585
655,-13.249467694728136,-8.516331934097671,37.659940889758616
656,-0.9815980189379404,2.8261329224917113,26.009608192905176
657,1.2669904722495493,2.125120516915855,12.44201574048667
658,-12.829594069261567,-16.561575877280596,28.2724607013094
659,-2.8366500475414522,1.0475242752432354,26.90874917643829
660,14.260911770871324,1.7397284345107977,44.34211821601685
661,-7.336345020790155,-9.83443162372905,21.487085283274798
662,-7.006722861483258,-3.817753918627865,29.239136653587526
663,-8.612062181902738,-12.37785086124062,21.1824544874737
664,-5.333310457071199,-1.9191904319706286,28.03053112836438
665,-5.123862981550232,-8.364835769147566,15.149675715324944
666,-15.26350216186551,-19.3726539957176,31.841584565657662
667,1.887131388195255,-0.6299732206277087,24.466509511299982
668,-2.648710886728829,-4.956874911305308,22.550084707362007
669,-12.777735088631426,-15.099476250153481,29.973878662674668
670,-2.4472708160588574,-0.9014070032005884,23.18641121250478
671,0.7003172289669737,1.2620221723806655,11.888509650646062
672,-11.58896236371254,-15.2990375928089,26.311427429450205
673,-3.211171755597889,-1.158693755179929,24.606937814014124
674,-1.7153494398789846,-2.9474917523919,12.03330426435111
675,13.767636673893511,16.150214550359713,31.43443754949428
676,2.7083149597805805,-1.9692013374733632,27.799541388013292
677,1.853475338310421,3.1279894299143196,16.28880355786848
678,-3.54551490448676,-6.638076157694143,9.39565057333404
679,9.808073127369669,3.739042599334374,34.74237595032649
680,0.9948676223692979,0.9958416183933143,17.337348074309293
681,-6.825021806001597,-11.29063898922289,15.9411018491667
682,-15.647509608434559,-12.919731658499567,39.272332338933964
683,1.031082572869771,-0.31738017213922237,21.682332301927982
684,-3.53487687572284,-5.586264492414835,21.030577768811458
685,-13.019612405254417,-12.129453063414253,33.87187490326175
686,-2.1576904417286418,-1.707184194610555,20.624842037285585
687,-0.4665831518822772,-0.8348653033972683,10.148161853418829
688,11.027919150039171,14.01631603908456,26.490801939416087
689,4.034237538563195,3.05525043814018,23.57652139216708
690,10.710334295472018,15.691979425762034,22.73730271019518
691,4.515675196587349,-0.6272636704823742,29.3308479551934
692,-1.908078348294656,-3.896755750699899,21.598035156065283
693,-10.252053660436271,-16.07778925086289,20.27725961518916
694,-13.64723935397104,-5.191557432602683,40.96979091128681
695,1.3995470544622148,1.3529032151160372,18.369057480077984
696,-4.986088984616318,-8.731662374180457,12.85857277144765
697,15.692423763506934,18.213528952365596,34.34271477904876
698,-1.6072657606800382,0.45656789209977433,23.532852780983244
699,3.2064318961858733,5.158247857611419,20.493892127723644
700,13.491320578545183,14.538829161686051,32.51416548014468
701,1.7823363816514226,-0.12516493292078396,23.362372618740984
702,-3.4024014653494037,-5.423387758812352,16.88964235915859
703,-13.608796906700162,-19.078004674321605,27.206522111829834
704,8.021132442096158,-1.7231453539686556,35.87794272393047
705,-1.4524497301584993,-1.9799392965260405,15.934329829033786
706,7.930561757446026,13.541098221832359,15.454266812213627
707,-16.426953500604544,-18.05039341400427,36.46714435944967
708,2.2135158443714738,1.7128098035969128,20.81042814917569
709,0.8071112769721881,1.4522589509503467,10.217192809013923
710,-12.345888892353328,-14.111836652848952,30.030097331091014
711,-3.1140510468778886,-2.5069283712231947,21.996534600396167
712,-7.690931237857319,-12.964993468359635,15.720265908235353
713,0.9247683518276093,1.870442426839364,4.875025343662738
714,-10.389611114249796,-8.315915665015469,31.708171588272304
715,-6.671117831633193,-8.760234267296147,21.2393730849249
716,-7.996983072638983,-4.353726433048758,30.674589751344133
717,-7.553090359658554,-10.963010160599294,20.00068110470243
718,-6.475415532096689,-2.138744025735901,29.977569227681272
719,-4.208350319205052,-6.716642247179246,15.257761954193425
720,-13.16560363886824,-20.223228069171153,23.973523520144514
721,2.942953541376433,-0.6447312673884249,26.59130087730562
722,-2.5422244284627493,-4.372939948405518,20.4405730607335
723,-12.43103010022893,-17.394224320410054,25.84673534367512
724,-6.179373831062175,1.9109841667791216,33.156226371480905
725,-0.32843063726786187,-0.8671898559679398,16.58910779902781
726,7.110408815049904,11.176556465319942,17.851391806430478
727,8.715212393508605,1.5932997731537561,34.511069583826675
728,-0.8345356537044248,-2.4069014675871716,20.831716688337927
729,0.014481338924524691,0.04144297263313319,10.262483887199293
730,-4.426768761199321,-7.202320600634684,25.021046195347513
731,-10.43751505298479,-8.909869688343322,31.176114732955373
732,-6.791529739943825,-8.650221803535638,21.868450454515717
733,-8.046274442984485,-4.8254100663779225,30.28843843239604
734,-8.366475848957625,-11.650928858369836,21.678940047447522
735,-5.685438327328225,-2.8117135886350972,27.68791586710163
736,-8.215727257335807,-12.533423827421103,19.29249702480089
737,-6.410671596483467,-0.6750476664539732,31.289696619557976
738,0.5189876130062352,1.1503695999840284,16.570050076451402
739,-7.539039391097328,-12.130463171451455,17.341532478585343
740,-10.704987880309453,-2.4650928421286635,37.38612982719805
741,0.8797831980086954,-3.9381226170956705,27.311798979204912
742,-5.972897331203921,-9.859377300038842,15.312245471519466
743,-15.866667118287234,-17.638575122917285,35.4098114963401
744,1.5355562510818201,-0.19254659497757265,22.859165644051963
745,-3.6020913069424783,-5.644295350532007,17.83741510327599
746,-14.380294918556734,-15.905175081116042,33.333725722927035
747,-6.893280749984427,2.7436002807242303,34.88179493835956
748,2.6566693285789658,4.043472262259134,15.396774665685845
749,-1.2337193166269214,-2.3783836945060943,7.51967529634265
750,11.438668632246287,8.833865569046766,33.50640040346215
751,4.426456854420578,5.854658739146105,19.11998226992427
752,13.120556754120887,10.464953328995332,35.69384001161204
753,1.2566562405590496,0.35404015203191075,20.79178711380609
754,-4.363201760223021,-7.13957128419008,15.389372619733853
755,-14.443933541497199,-19.93915022902441,28.671369295315724
756,2.4732054477085037,-1.1616431176665363,26.397831986702716
757,1.8254000953261553,4.852495294694911,24.34474862364192
758,11.808311008842491,15.517143735697807,26.624769100355454
759,3.059510841401118,0.8507616363575387,24.736074083233706
760,0.2914232586701852,0.4495642216416962,12.27035546061603
761,-8.585079048484385,-12.202368850703923,21.70850229213194
762,-5.370328888564983,-2.426114116227851,27.505513449421112
763,-7.230280859823424,-11.428609604882837,17.497204529168414
764,-9.561294366804612,-1.8669149723222924,35.78899827190159
765,-1.235083512284696,4.338561915280878,28.285639814028407
766,6.964030088749927,11.168056421895141,16.87065994869873
767,11.492204837657297,3.660691077973489,37.95240111071506
768,-3.161637201682018,4.4633524467656445,30.987747640445612
769,6.153264191140736,9.76025227207313,16.632282284829788
770,12.128866855228765,5.124057572399578,38.06965959686164
771,16.36205590097236,8.484626651491677,44.207960223246246
772,-5.521788255182616,-7.498660699700716,19.627355532642177
773,-10.124974969422395,-5.214818089873949,34.08726065252266
774,-3.2511665348016066,-4.599889455419,17.10941335848316
775,-11.671301446390705,-18.508410546420713,21.298663518822575
776,7.125961980748748,-1.398281284571486,34.225495708150774
777,0.4665326649788746,1.1859374494495096,17.467633857078095
778,-6.72175362428536,-11.00166238324399,16.264305969454032
779,-13.939072587758298,-7.699312982755782,39.73592254343689
780,0.3489291191409193,-1.9865213149835366,23.371371178989314
781,1.8230437148058187,3.170864338483628,12.7763435360689
782,-13.477188523173476,-17.777758863409396,28.58280985992499
783,-10.934786663286351,-0.2737350045922312,39.313510694983975
784,2.536582083189973,3.5506736210419927,16.693860435165515
785,2.68425685559361,5.0903846103154615,8.519502923039159
786,-10.09645889248542,-4.869886800595594,34.336118756821236
787,-2.6091389875561326,-3.596343285876594,16.973720370239075
788,-4.344090186153469,-8.130109853224019,9.64215591879205
789,8.644511250290135,2.464827737646235,33.66364310928972
790,0.7098715550337127,0.6788127743914728,16.742440083116666
791,-7.1122112332357315,-11.2816930329752,17.554879638869316
792,-9.408512119416597,-1.8585187023550498,35.52471181526971
793,0.13456777412259835,3.586411613707604,25.20006341340623
794,5.979522492330834,10.087729484726102,14.591343381293658
795,7.940983653073233,14.98033849806858,11.076137169266872
796,-4.6827744526225255,-2.225300856032668,26.32791809923977
797,-7.135378554003015,-11.510439969067566,16.810935265086584
798,-12.058750465722916,-4.221297952256515,38.606791650837415
799,0.36524787447020535,-3.172735148732534,25.44184765625029
800,-3.4152308196951515,-5.877163576747989,12.652798203005897
801,14.559551203170614,19.371126585706307,29.76883842853485
802,-2.878072758212275,1.86079649450404,27.952778765671535
803,-2.0221951926491535,-3.393335765888761,17.04246385081618
804,-0.9778750891407447,-1.8531687320302728,8.240425727409082
805,12.065100268349466,10.960762370749952,32.82110015195506
806,3.929104274348973,4.721579724952926,19.918956152321684
807,13.621878189789564,14.722625726137695,32.649249175255555
808,1.7323745754346624,-0.5694006395288457,24.022260638982374
809,-2.859188606371706,-5.018724593570208,21.96401088570798
810,-13.009593484081512,-14.822190921744754,30.93281604514484
811,-2.2553340140228952,-0.7878295163911648,22.892013344320546
812,1.4728338745353222,2.593672431511591,12.251703545117799
813,-13.380843269970827,-16.51806026993656,29.920929529166777
814,-2.7873823316514326,1.610554411641093,27.510017925424517
815,-2.3726221799657745,-3.9584498684305114,18.635710805655535
816,-9.443390306779508,-15.905185089028159,17.088991182264476
817,11.42740022486971,2.1329882944894303,38.925849042909114
818,-0.32176168994115817,0.300582676769462,18.711803040955136
819,-2.132962466714111,-6.208294886232564,26.302389115138688
820,-11.60127933503005,-12.653398715083949,29.786422859339268
821,-4.504742451378276,-4.8376510216246364,21.694935209996437
822,-12.792843680331387,-12.439887857420588,33.01068819570975
823,-2.6634786584504164,-2.4787763595049053,20.57417418828443
824,-5.743639045265365,-10.184547992962962,12.60272262380859
825,13.763879835082394,7.447839161699085,39.56755225287861
826,-0.4352977180731042,2.3784597853922365,24.285886070145935
827,-0.2650246877171233,-0.5072825613679433,12.107296799407624
828,8.783781581412716,12.431260004889031,21.967860256503013
829,5.21212807787193,2.4239741848556364,27.183454922558656
830,7.433041640048034,11.744164366931885,17.66159657417958
831,9.245067719472798,1.5427766714753244,35.481707506634294
832,1.3705513220619256,-4.460354952534282,28.6040161894267
833,-7.209378998880205,-11.455206890255665,17.326784313998477
834,-10.08225580638067,-2.2093568117971363,36.456134471923185
835,-12.65898621652781,-0.3627127388848075,42.263404125866344
836,6.20314837425078,8.812262394544657,19.339561459641974
837,8.62826675910039,3.452884954355385,32.765042289628084
838,3.3896700031788574,5.081013010608382,16.180746803238293
839,10.907580431468585,18.172428026183347,18.784973845288736
840,-4.709891616685947,0.9793835033520621,30.008867906395366
841,-9.879705025958515,-19.30332005842117,10.604344748460944
842,6.042624452797132,5.904737298704555,24.32058044783235
843,10.858511190542899,9.603902814237946,31.406663756864287
844,6.1553231061139675,7.803781031543933,21.331044687531815
845,9.023711865267297,5.249057018526995,31.8558236910578
846,6.666081436172351,9.60788952713407,19.412340322603413
847,7.7874167774557765,2.7759815801900505,31.807729086616238
848,3.5506589907598016,5.4659951467487655,15.732362488998055
849,10.720134649640373,18.12925216192715,18.038171143535106
850,-4.234922213981813,0.5591735286183407,28.78277578259795
851,2.084958727800731,3.7739647220170864,20.138143523252634
852,9.54202624985288,15.699688338342453,18.027576795031948
853,-14.219524996453222,-22.510717648193594,24.173634556621625
854,3.5614821636421836,3.055295378137252,22.260633493373902
855,10.59942309565031,16.075138734325233,21.64219216825167
856,7.231366180424099,-0.9507751577334966,34.04345166567158
857,1.065120188505578,2.3788764413360397,19.567701097383726
858,-1.0689128226764804,-1.9669691338399946,9.928721329824642
859,12.77548700905361,12.999594433556918,32.39238095550489
860,2.714541414648701,2.3988579036889788,20.941910241759768
861,5.751472613495629,10.156080562027839,12.773457521576216
862,-14.565641419770143,-9.429775115205187,39.71664292584401
863,0.5274478351099973,-1.712208803605991,23.266136082613976
864,2.711363653777946,4.583755785308381,13.977932891419199
865,-9.02380121082307,-15.958704289466631,14.806968617725278
866,5.021237581424918,-0.12760934221484763,29.677973792538637
867,-1.5908096072994506,-2.8235170391090847,17.797659668154314
868,0.9887483920907998,1.85610766323384,8.888933291604184
869,-12.355204466641224,-11.763290171534413,32.67872684321774
870,-3.451262981508601,-3.8486801112741036,20.192237606930043
871,-12.560539008915663,-17.380845482266526,26.28417488622061
872,-5.726088003684597,1.9978436840420715,32.53214558437352
873,-0.5131543660080135,-1.1418802302611046,16.572348697266168
874,7.528816069518722,12.106517444406505,17.35585898842994
875,10.615842725719814,2.392577210824538,37.278522353410956
876,-1.2231489429297018,4.121711534159214,28.02289698815842
877,6.258858172015527,10.207913207145053,15.872726038262439
878,14.865942603029914,10.583823482965077,39.447630362359526
879,-0.6770121915701188,1.7454552921222861,23.68362069425873
880,-2.5809576323051355,-4.354752206257702,14.12503322203846
881,8.748003807483876,15.520442017225275,14.465870369925806
882,-5.330680505924257,0.1435364267583893,30.221189088030616
883,1.6125386108950481,2.937712950711594,18.588291921629818
884,1.4648202301638955,2.727460688736064,9.101643156745142
885,-12.370349578995233,-9.984251696224044,34.472350087160955
886,-2.7310955422066394,-3.093098321588487,19.246132760084787
887,-7.661070213721855,-13.359646307338764,14.409911754221868
888,12.03680997054501,3.5362441623081846,39.059224444394246
889,0.10936065196445284,1.522411137026804,20.926432810827677
890,-3.82820941755477,-6.513444853915447,13.695185957048569
891,6.555190092306283,12.392307320136286,10.160507519597866
892,-5.426329161678645,-1.6104032123486,28.562096331742357
893,-3.677902083535324,-6.015645135899056,14.314371468712192
894,-0.4532868904955605,-0.8906236704603069,6.42548188708967
895,11.16479673014875,11.81447274216442,29.714223932455713
896,5.3077603785758445,6.009614301860855,21.99511490501344
897,11.238744970766831,8.500813773956747,33.376710411087544
898,4.714319252279241,6.322116182855188,19.152176745730095
899,12.37187820743055,8.52109803791684,35.79690221234986
900,1.5209254809598467,1.2573931970689964,19.297666377884862
901,-3.9114855625826275,-6.902384159519371,12.173868251326818
902,15.304344229267581,15.334923835206842,36.268363341751076
903,-2.4048148230386674,2.7186466724722202,28.17242024753524
904,0.22788447312040913,0.2667297931778187,13.690728716774622
905,-6.955656654082487,-10.037977958659681,20.362563941155486
906,-7.105646944765274,-2.9768112352571503,30.32087707202473
907,-5.9003500190970675,-9.158654942158543,17.050869862536587
908,-11.373570943833073,-4.557034913700759,37.05035109184289
909,0.020504138601172617,2.7354814689635543,23.95684085243955
910,1.7500591332435542,3.0527408336370736,11.591206964815166
911,-13.851821093712662,-14.997650201403976,32.95034621240796
912,-1.8373967816989696,1.3739327110355963,25.498280148675946
913,-2.8697293189920874,-4.620656444755487,18.65141255412644
914,-12.838371389123191,-18.248613937181847,25.90590959732441
915,-15.441019346045255,-23.175843244319996,27.50350440222168
916,4.028369004788029,4.161318241458113,21.51641267219758
917,13.007570646033404,15.307521989333797,30.351182068225985
918,2.241878141947149,0.3412176002921106,23.662423896485695
919,-2.3979209259590015,-4.0662020393526745,13.932556282178552
920,10.408737884300477,17.511218748620625,17.965457236495276
921,-5.525915900908674,1.0173617975191158,31.366124658337593
922,-0.2124447948634756,-4.643098857723705,26.637658754994405
923,-9.473963433478442,-14.239091795828267,20.822491983485584
924,-5.2228237665264565,-0.026146709812184803,29.86794954197175
925,1.3543156237259,2.4374853724020458,17.21038616048097
926,-4.4889892580641835,-8.169261412815898,11.015300574744995
927,11.475083002148226,4.536394167055477,37.261510241649255
928,0.4694523764513229,-3.32036183638392,25.842019320673185
929,-3.9520187148108423,-6.758654095766094,13.088282259060353
930,12.754398052513832,20.279858178837475,22.350666399172756
931,-2.964888579421829,0.033671954181471,25.819109017189714
932,2.1551178282663237,3.59535756156753,15.475733107409571
933,-4.394499265156382,-8.24862565020053,9.545080679655175
934,8.384836482666563,2.346337504730446,33.29406667227584
935,0.9318940868932114,1.084255951788519,16.376150702824052
936,-7.831226428439861,-12.707906872800004,17.245243405877254
937,-12.325390889574765,-4.142062907678123,39.169354028884655
938,-0.10268310333614747,-1.8054660719341196,21.72784911095694
939,2.698025718379565,4.693397704159759,12.600547168588761
940,-14.326957678323753,-18.509250782528667,30.165068695323498
941,8.219658054966821,-1.9070990953667484,36.32059802350417
942,-2.231942678319839,-3.255130346361901,15.825103229607796
943,3.6479437286908607,6.866295512978944,9.168867602649534
944,-9.258054033433341,-3.3219937719151713,34.063654206138466
945,-1.3925025103679454,-1.7422240116859355,16.680852316539937
946,6.897369610567997,11.926654293204322,14.307837508067765
947,-16.173318610485595,-18.69435587852191,35.13352655579035
948,2.028516944215876,1.155293468227885,21.481431998373218
949,-1.363061791289708,-2.4428718267730303,11.282621872579275
950,13.3908039769659,14.722294875589972,32.06324782818585
951,1.8858798885197472,0.025579922737482108,23.346202039309794
952,-3.2570428106508094,-5.295137335018563,15.82319022154646
953,-9.44806577356122,-16.56262894231098,15.502267771142513
954,4.7609218750187825,-0.2034333637805745,29.30905538903122
955,-1.710122526354589,-2.994659233516664,17.84894727245539
956,-0.3385415431255573,-0.6320474449705238,8.662665564604412
957,10.604826574826843,13.174988796775033,26.470584184104407
958,4.722404794494307,4.136412088695687,23.604641345154832
959,12.302130052246936,14.221817668821414,29.749725216780046
960,3.129353440906456,2.4545573859270773,22.146644583651078
961,7.505638562222492,12.681656212947063,15.508470931650074
962,-1.571453041118689,-3.171542199956959,5.062542905930844
963,9.35624939545159,6.221022893438078,31.59207989500788
964,7.29741411376391,10.069687852611155,20.881324078334927
965,6.879720328441779,3.2688746212307422,29.576537074249536
966,7.379801591810287,11.160107615312224,18.84000784248816
967,7.178022856237639,1.4513331496427495,31.920922942733835
968,0.6369825605483105,0.7201902895349779,15.761599632768878
969,-7.854200671129154,-12.224086107205864,18.630119327005488
970,-7.32844878047371,-0.7555335994880027,32.79955738928425
971,1.0145108303433972,2.212336746405362,19.06615028435792
972,-2.546305637586675,-4.633065458852829,10.511426990483038
973,13.164122305911674,9.426193887972264,36.71364183355401
974,0.6564941725784551,-0.9954377107412784,22.1032842428735
975,3.8731658813041405,6.037411033921779,17.785998706071315
976,14.32536464806294,13.864232253475834,35.29224203493336
977,2.9059698175722364,-2.9609491046932637,29.18999856019432
978,-1.003547998298183,-1.5516100626039642,13.761109444059365
979,11.030695297831137,16.157425998916395,23.112831439808698
980,4.8210961641286385,-1.046709585009991,30.25542725831519
981,-4.615694393272708,5.563397624362589,33.77534319769032
982,8.431971583838491,12.098737694603772,21.056035446455855
983,5.504406567052866,2.0474623762159965,28.218103951275484
984,5.455827207597204,8.84435964600677,15.554719593550836
985,15.479128937606479,14.546704467940364,37.4388692345372
986,-1.2823775426894664,1.8056912979100948,25.063551651845817
987,-2.3535247786356317,-3.928678792948881,14.971148963978347
988,5.369220868082745,10.030949342028753,10.158151398615345
989,-7.307427671075937,-1.4802641697944974,32.12572790717907
990,-0.5258914475650341,-0.5204049115953558,15.949917511323516
991,7.225917772051952,11.118679302026507,18.592689706235873
992,7.526786836454439,1.4506244949863838,32.53893255030688
993,0.13856258147744707,-0.15575572745421587,16.52984185054275
994,1.4574438111807022,6.740122948703192,27.837119624030475
995,11.136870780801715,12.317002048296102,28.978883482512536
996,5.093825713838656,5.487677404500454,22.304007809509322
997,11.834213208577902,9.97409737559219,33.264692022417286
998,4.129936240818135,5.2161200521964375,19.50239697675324
999,13.588894713711927,12.91971760365279,34.44364695056274
